{"eraNumber":531,"aliveAnimalsNumber":557,"grassNumber":94,"averageChildren":0.6987179487179487,"averageEnergy":129.76923076923077,"dominantGenes":[0,0,0,0,1,1,1,1,1,2,2,2,2,2,3,3,3,4,4,4,4,4,4,4,4,4,5,6,6,6,6,7],"averageLifetime":147.18672,"chosenGenes":null,"descendants":0,"aliveDescendants":-1,"energy":-1,"deadEra":0}